{"textures": {"all": "block/bamboo_stalk", "particle": "block/bamboo_stalk", "minimap": "block/minimap_7"}, "elements": [{"from": [7, 0, 7], "to": [9, 16, 9], "faces": {"down": {"uv": [13, 4, 15, 6], "texture": "#all", "cullface": "down"}, "up": {"uv": [13, 0, 15, 2], "texture": "#all", "cullface": "up"}, "north": {"uv": [9, 0, 11, 16], "texture": "#all"}, "south": {"uv": [9, 0, 11, 16], "texture": "#all"}, "west": {"uv": [9, 0, 11, 16], "texture": "#all"}, "east": {"uv": [9, 0, 11, 16], "texture": "#all"}}}, {"from": [8, 8, 8], "to": [8, 8, 8], "faces": {"up": {"uv": [8, 8, 8, 8], "texture": "#minimap", "cullface": "up"}}}]}