{"textures": {"particle": "#texture"}, "elements": [{"from": [5, 0, 6], "to": [11, 2, 10], "faces": {"down": {"uv": [5, 6, 11, 10], "texture": "#texture", "cullface": "down"}, "up": {"uv": [5, 6, 11, 10], "texture": "#texture"}, "north": {"uv": [5, 14, 11, 16], "texture": "#texture"}, "south": {"uv": [5, 14, 11, 16], "texture": "#texture"}, "west": {"uv": [6, 14, 10, 16], "texture": "#texture"}, "east": {"uv": [6, 14, 10, 16], "texture": "#texture"}}}, {"from": [8, 8, 8], "to": [8, 8, 8], "faces": {"up": {"uv": [8, 8, 8, 8], "texture": "#minimap", "cullface": "up"}}}]}