{"textures": {"particle": "block/cake_side", "bottom": "block/cake_bottom", "top": "block/cake_top", "side": "block/cake_side", "inside": "block/cake_inner"}, "elements": [{"from": [13, 0, 1], "to": [15, 8, 15], "faces": {"down": {"texture": "#bottom", "cullface": "down"}, "up": {"texture": "#top"}, "north": {"texture": "#side"}, "south": {"texture": "#side"}, "west": {"texture": "#inside"}, "east": {"texture": "#side"}}}, {"from": [8, 8, 8], "to": [8, 8, 8], "faces": {"up": {"uv": [8, 8, 8, 8], "texture": "#minimap", "cullface": "up"}}}]}