{"ambientocclusion": false, "textures": {"texture": "block/chorus_plant", "inside": "block/chorus_plant", "particle": "block/chorus_plant", "minimap": "block/minimap_24"}, "elements": [{"from": [4, 4, 4], "to": [12, 12, 12], "faces": {"north": {"texture": "#inside"}}}, {"from": [4, 4, 3], "to": [12, 12, 4], "faces": {"down": {"texture": "#texture"}, "up": {"texture": "#texture"}, "north": {"texture": "#texture"}, "west": {"texture": "#texture"}, "east": {"texture": "#texture"}}}, {"from": [8, 8, 8], "to": [8, 8, 8], "faces": {"up": {"uv": [8, 8, 8, 8], "texture": "#minimap", "cullface": "up"}}}]}