{"parent": "block/block", "elements": [{"from": [0, 0, 0], "to": [16, 16, 16], "faces": {"down": {"texture": "#down", "cullface": "down", "rotation": 180}, "up": {"texture": "#up", "cullface": "up"}, "north": {"texture": "#north", "cullface": "north"}, "south": {"texture": "#south", "cullface": "south"}, "west": {"texture": "#west", "cullface": "west", "rotation": 270}, "east": {"texture": "#east", "cullface": "east", "rotation": 90}}}, {"from": [8, 8, 8], "to": [8, 8, 8], "faces": {"up": {"uv": [8, 8, 8, 8], "texture": "#minimap", "cullface": "up"}}}]}