{"elements": [{"name": "top bar", "from": [7, 12, 7], "to": [16, 15, 9], "faces": {"north": {"uv": [4, 4, 13, 7], "texture": "#texture"}, "east": {"uv": [13, 4, 15, 7], "texture": "#texture", "cullface": "east"}, "south": {"uv": [4, 4, 13, 7], "texture": "#texture"}, "up": {"uv": [13, 7, 15, 16], "rotation": 270, "texture": "#texture"}, "down": {"uv": [13, 7, 15, 16], "rotation": 90, "texture": "#texture"}}}, {"name": "lower bar", "from": [7, 6, 7], "to": [16, 9, 9], "faces": {"north": {"uv": [4, 4, 13, 7], "texture": "#texture"}, "east": {"uv": [13, 4, 15, 7], "texture": "#texture", "cullface": "east"}, "south": {"uv": [4, 4, 13, 7], "texture": "#texture"}, "up": {"uv": [13, 7, 15, 16], "rotation": 270, "texture": "#texture"}, "down": {"uv": [13, 7, 15, 16], "rotation": 90, "texture": "#texture"}}}, {"from": [8, 8, 8], "to": [8, 8, 8], "faces": {"up": {"uv": [8, 8, 8, 8], "texture": "#minimap", "cullface": "up"}}}], "groups": [{"name": "east", "origin": [0, 0, 0], "color": 0, "children": [0, 1]}]}